Ad Group,Keyword
unity3d 2019,unity3d 2019 tutorial
unity3d 2019,tutorial unity3d 2019
unity3d 2019,unity3d 2019 beginner
unity3d 2019,beginner unity3d 2019
unity3d 2019,unity3d 2019 how to 
unity3d 2019,how to  unity3d 2019
unity3d 2019,unity3d 2019 create
unity3d 2019,create unity3d 2019
unity3d 2019,unity3d 2019 shop
unity3d 2019,shop unity3d 2019
hexagonal,hexagonal tutorial
hexagonal,tutorial hexagonal
hexagonal,hexagonal beginner
hexagonal,beginner hexagonal
hexagonal,hexagonal how to 
hexagonal,how to  hexagonal
hexagonal,hexagonal create
hexagonal,create hexagonal
hexagonal,hexagonal shop
hexagonal,shop hexagonal
UI,UI tutorial
UI,tutorial UI
UI,UI beginner
UI,beginner UI
UI,UI how to 
UI,how to  UI
UI,UI create
UI,create UI
UI,UI shop
UI,shop UI
sprite mask,sprite mask tutorial
sprite mask,tutorial sprite mask
sprite mask,sprite mask beginner
sprite mask,beginner sprite mask
sprite mask,sprite mask how to 
sprite mask,how to  sprite mask
sprite mask,sprite mask create
sprite mask,create sprite mask
sprite mask,sprite mask shop
sprite mask,shop sprite mask
GUI,GUI tutorial
GUI,tutorial GUI
GUI,GUI beginner
GUI,beginner GUI
GUI,GUI how to 
GUI,how to  GUI
GUI,GUI create
GUI,create GUI
GUI,GUI shop
GUI,shop GUI
menu,menu tutorial
menu,tutorial menu
menu,menu beginner
menu,beginner menu
menu,menu how to 
menu,how to  menu
menu,menu create
menu,create menu
menu,menu shop
menu,shop menu
unity3d 2019,unity3d 2019 tutorial
unity3d 2019,tutorial unity3d 2019
unity3d 2019,unity3d 2019 beginner
unity3d 2019,beginner unity3d 2019
unity3d 2019,unity3d 2019 how to 
unity3d 2019,how to  unity3d 2019
unity3d 2019,unity3d 2019 create
unity3d 2019,create unity3d 2019
unity3d 2019,unity3d 2019 shop
unity3d 2019,shop unity3d 2019
hexagonal,hexagonal tutorial
hexagonal,tutorial hexagonal
hexagonal,hexagonal beginner
hexagonal,beginner hexagonal
hexagonal,hexagonal how to 
hexagonal,how to  hexagonal
hexagonal,hexagonal create
hexagonal,create hexagonal
hexagonal,hexagonal shop
hexagonal,shop hexagonal
UI,UI tutorial
UI,tutorial UI
UI,UI beginner
UI,beginner UI
UI,UI how to 
UI,how to  UI
UI,UI create
UI,create UI
UI,UI shop
UI,shop UI
sprite mask,sprite mask tutorial
sprite mask,tutorial sprite mask
sprite mask,sprite mask beginner
sprite mask,beginner sprite mask
sprite mask,sprite mask how to 
sprite mask,how to  sprite mask
sprite mask,sprite mask create
sprite mask,create sprite mask
sprite mask,sprite mask shop
sprite mask,shop sprite mask
GUI,GUI tutorial
GUI,tutorial GUI
GUI,GUI beginner
GUI,beginner GUI
GUI,GUI how to 
GUI,how to  GUI
GUI,GUI create
GUI,create GUI
GUI,GUI shop
GUI,shop GUI
menu,menu tutorial
menu,tutorial menu
menu,menu beginner
menu,beginner menu
menu,menu how to 
menu,how to  menu
menu,menu create
menu,create menu
menu,menu shop
menu,shop menu
